text,href
Skip to content,#content
Sri Eshwar Engineering College,https://sece.ac.in/
International Internship 2026 @ SECE,https://sece.ac.in/international-summer-internship-2026/
Campus tour,https://campustour.sece.ac.in/
Admission 2025,#elementor-action%3Aaction%3Dpopup%3Aopen%26settings%3DeyJpZCI6IjI3NDM5IiwidG9nZ2xlIjpmYWxzZX0%3D
Study In India,https://www.studyinindia.gov.in/admission/registrations
Alumni,https://alumni.sece.ac.in/
ERP,https://erp.sece.ac.in/impreserp/
Careers,https://docs.google.com/forms/d/1XvSqTgoATpCufV0J-liiq--AFWULyvMYSpGke8uN7FA/viewform?edit_requested=true
IQAC,https://sece.ac.in/iqac/
Audited Statements,https://sece.ac.in/audited-statement/
SDG CELL,https://sece.ac.in/sdg/
Quick Links,#
Research Ethics Committee,https://sece.ac.in/research-ethics-committee/
Examination Committee,https://sece.ac.in/examination-committee/
Grievance Redressal Committee (GRC),https://sece.ac.in/grievance-redressal-committee/
Library Advisory Committee,https://sece.ac.in/library-advisory-committee/
Internal Complaints Committee (ICC),https://sece.ac.in/internal-complaints-committee/
Counsellor Committee (CC),https://sece.ac.in/counsellor-committee/
Anti Ragging Committee (ARC),https://sece.ac.in/anti-ragging-committee/
SC/ST Cell,https://sece.ac.in/scst-cell/
AICTE Feedback,https://sece.ac.in/aicte/
Contact,https://sece.ac.in/contact/
HOME,https://sece.ac.in/
ABOUT,https://sece.ac.in/governance/
Governance,https://sece.ac.in/governance/
Leadership,https://sece.ac.in/leadership/
Vision & Mission,https://sece.ac.in/vision-and-mission/
Milestones,https://sece.ac.in/milestones/
Awards & Achievements,https://sece.ac.in/awards-achievements/
ACADEMICS,https://sece.ac.in/academics/
Academics @ Sri Eshwar,https://sece.ac.in/academics/
Programmes,https://sece.ac.in/programmes/
Academic Calendar,https://sece.ac.in/academic-calendar/
Departments,https://sece.ac.in/departments/
Computer Science Engineering (Artificial Intelligence & Machine Learning),https://sece.ac.in/department-aiml/
Artificial Intelligence & Data Science (AI&DS),https://sece.ac.in/department-aids/
Computer Science and Engineering (CSE),https://sece.ac.in/department-computer-science-engineering-2/
Computer Science Engineering  (Cyber Security),https://sece.ac.in/department-cyber-security/
Computer Science & Business Systems (CSBS),https://sece.ac.in/department-csbs/
Computer & Communication Engineering (CCE),https://sece.ac.in/department-computer-communication-engineering/
Electronics & Communication Engineering (ECE),https://sece.ac.in/department-electronics-communication-engineering/
Electronics Engineering (VLSI Design and Technology),https://sece.ac.in/department-electronics-engineering-vlsi-design-and-technology/
Electrical & Electronics Engineering (EEE),https://sece.ac.in/department-electrical-electronics-engineering/
Information Technology (IT),https://sece.ac.in/department-it/
Mechanical Engineering (MECH),https://sece.ac.in/department-mech/
Science & Humanities (S&H),https://sece.ac.in/department-science-humanities/
Office of the COE,https://sece.ac.in/coe/
Student Awards,https://sece.ac.in/student-awards/
RESEARCH,https://sece.ac.in/research/
Centre for Research,https://sece.ac.in/research/
Academic Research,#
Research Publications,https://sece.ac.in/research-publication/
Intellectual Property Rights (IPR),https://sece.ac.in/intellectual-property-rights/
Research Institute,https://sece.ac.in/research-institute/
Sponsored Research,#
Research Grants,https://sece.ac.in/research-funds/
Seed Funds,https://sece.ac.in/seed-funds/
Slot Gacor,https://sece.ac.in/slot-gacor/
Consultancy Projects,https://sece.ac.in/consultancy-projects/
Advanced Research Centres,/research/#advancedresearchcentres
Research Facilities,https://sece.ac.in/research-facilities/
Research Conferences,/research#conferences
Downloads,/research#downloads
INNOVATION,https://sece.ac.in/innovation/
Centre for Innovation,https://sece.ac.in/innovation/
Centres of Excellence,/innovation#centresofexcellence
Institution Innovation Council (IIC),https://sece.ac.in/institution-innovation-council/
Hackathons,/innovation#hackathons
Product Development,/innovation#productdevelopment
Ignite Startup Accelerator,/innovation#ignite
Entrepreneurship,/innovation#entrepreneurship
Skill Development,/innovation#skilldevelopment
Downloads,/innovation#downloads
INTERNATIONAL RELATIONS,#
Centre for International Relations,https://sece.ac.in/international-relations-3/
Global Alliances,https://sece.ac.in/global-alliances/
Inward Mobility,https://sece.ac.in/inward-mobility/
Semester @ Sri Eshwar,/inward-mobility#semestersrieshwar
Internships @ Sri Eshwar,/inward-mobility#internshipsrieshwar
Sri Eshwar Summer/Winter School Program,/inward-mobility#summerwinterprogram
Outward Mobility,https://sece.ac.in/outward-mobility/
Semester Abroad Program,/outward-mobility#semesterabroadprogram
International Internships,/outward-mobility#internationalinternships
Summer/Winter School Program,/outward-mobility#summerwinterprogram
Things to do in Tokyo,https://sece.ac.in/things-to-do-in-tokyo/
Plan a Trip to Tokyo,https://sece.ac.in/plan-a-trip-to-tokyo/
Osaka Travel Guide,https://sece.ac.in/osaka-travel-guide/
International Visiting Faculty,https://sece.ac.in/cir-events/
International Internship 2026 @ SECE,https://sece.ac.in/international-summer-internship-2026/
CAREER DEVELOPMENT,https://sece.ac.in/career-development/
Centre for Training & Placements,https://sece.ac.in/career-development/
Top Recruiters,/career-development#toprecruiters
Placement Statistics,https://sece.ac.in/career-development/#placement-statistics
Placement Training Programs,https://sece.ac.in/placement-training/
Industry Institution Interaction,https://sece.ac.in/industry-institution-interaction/
Centre for Higher Education & Foreign Language,https://sece.ac.in/centre-higher-education-foreign-language/
CAMPUS LIFE,https://sece.ac.in/campus-life/
Life @ Sri Eshwar,https://sece.ac.in/campus-life/
Student Leadership Council,/campus-life#slc
Flagship Events,https://sece.ac.in/flagship-events/
Fine Arts,/campus-life#finearts
Sports,/campus-life#sports
Clubs,/campus-life#clubs
NCC,/campus-life#ncc
Community Outreach,/campus-life#communityoutreach
Student Welfare,/campus-life#studentwelfare
Library,/campus-life#library
Amenity Centre,/campus-life#amenitycentre
Medical Centre,/campus-life#medicalcentre
Hostel,/campus-life#hostel
Transport,/campus-life#transport
ADMISSIONS,https://sece.ac.in/admissions/
,https://sece.ac.in
HOME,https://sece.ac.in/
ABOUT,https://sece.ac.in/governance/
Governance,https://sece.ac.in/governance/
Leadership,https://sece.ac.in/leadership/
Vision & Mission,https://sece.ac.in/vision-and-mission/
Milestones,https://sece.ac.in/milestones/
Awards & Achievements,https://sece.ac.in/awards-achievements/
ACADEMICS,https://sece.ac.in/academics/
Academics @ Sri Eshwar,https://sece.ac.in/academics/
Programmes,https://sece.ac.in/programmes/
Academic Calendar,https://sece.ac.in/academic-calendar/
Departments,https://sece.ac.in/departments/
Computer Science Engineering (Artificial Intelligence & Machine Learning),https://sece.ac.in/department-aiml/
Artificial Intelligence & Data Science (AI&DS),https://sece.ac.in/department-aids/
Computer Science and Engineering (CSE),https://sece.ac.in/department-computer-science-engineering-2/
Computer Science Engineering  (Cyber Security),https://sece.ac.in/department-cyber-security/
Computer Science & Business Systems (CSBS),https://sece.ac.in/department-csbs/
Computer & Communication Engineering (CCE),https://sece.ac.in/department-computer-communication-engineering/
Electronics & Communication Engineering (ECE),https://sece.ac.in/department-electronics-communication-engineering/
Electronics Engineering (VLSI Design and Technology),https://sece.ac.in/department-electronics-engineering-vlsi-design-and-technology/
Electrical & Electronics Engineering (EEE),https://sece.ac.in/department-electrical-electronics-engineering/
Information Technology (IT),https://sece.ac.in/department-it/
Mechanical Engineering (MECH),https://sece.ac.in/department-mech/
Science & Humanities (S&H),https://sece.ac.in/department-science-humanities/
Office of the COE,https://sece.ac.in/coe/
Student Awards,https://sece.ac.in/student-awards/
RESEARCH,https://sece.ac.in/research/
Centre for Research,https://sece.ac.in/research/
Academic Research,#
Research Publications,https://sece.ac.in/research-publication/
Intellectual Property Rights (IPR),https://sece.ac.in/intellectual-property-rights/
Research Institute,https://sece.ac.in/research-institute/
Sponsored Research,#
Research Grants,https://sece.ac.in/research-funds/
Seed Funds,https://sece.ac.in/seed-funds/
Slot Gacor,https://sece.ac.in/slot-gacor/
Consultancy Projects,https://sece.ac.in/consultancy-projects/
Advanced Research Centres,/research/#advancedresearchcentres
Research Facilities,https://sece.ac.in/research-facilities/
Research Conferences,/research#conferences
Downloads,/research#downloads
INNOVATION,https://sece.ac.in/innovation/
Centre for Innovation,https://sece.ac.in/innovation/
Centres of Excellence,/innovation#centresofexcellence
Institution Innovation Council (IIC),https://sece.ac.in/institution-innovation-council/
Hackathons,/innovation#hackathons
Product Development,/innovation#productdevelopment
Ignite Startup Accelerator,/innovation#ignite
Entrepreneurship,/innovation#entrepreneurship
Skill Development,/innovation#skilldevelopment
Downloads,/innovation#downloads
INTERNATIONAL RELATIONS,#
Centre for International Relations,https://sece.ac.in/international-relations-3/
Global Alliances,https://sece.ac.in/global-alliances/
Inward Mobility,https://sece.ac.in/inward-mobility/
Semester @ Sri Eshwar,/inward-mobility#semestersrieshwar
Internships @ Sri Eshwar,/inward-mobility#internshipsrieshwar
Sri Eshwar Summer/Winter School Program,/inward-mobility#summerwinterprogram
Outward Mobility,https://sece.ac.in/outward-mobility/
Semester Abroad Program,/outward-mobility#semesterabroadprogram
International Internships,/outward-mobility#internationalinternships
Summer/Winter School Program,/outward-mobility#summerwinterprogram
Things to do in Tokyo,https://sece.ac.in/things-to-do-in-tokyo/
Plan a Trip to Tokyo,https://sece.ac.in/plan-a-trip-to-tokyo/
Osaka Travel Guide,https://sece.ac.in/osaka-travel-guide/
International Visiting Faculty,https://sece.ac.in/cir-events/
International Internship 2026 @ SECE,https://sece.ac.in/international-summer-internship-2026/
CAREER DEVELOPMENT,https://sece.ac.in/career-development/
Centre for Training & Placements,https://sece.ac.in/career-development/
Top Recruiters,/career-development#toprecruiters
Placement Statistics,https://sece.ac.in/career-development/#placement-statistics
Placement Training Programs,https://sece.ac.in/placement-training/
Industry Institution Interaction,https://sece.ac.in/industry-institution-interaction/
Centre for Higher Education & Foreign Language,https://sece.ac.in/centre-higher-education-foreign-language/
CAMPUS LIFE,https://sece.ac.in/campus-life/
Life @ Sri Eshwar,https://sece.ac.in/campus-life/
Student Leadership Council,/campus-life#slc
Flagship Events,https://sece.ac.in/flagship-events/
Fine Arts,/campus-life#finearts
Sports,/campus-life#sports
Clubs,/campus-life#clubs
NCC,/campus-life#ncc
Community Outreach,/campus-life#communityoutreach
Student Welfare,/campus-life#studentwelfare
Library,/campus-life#library
Amenity Centre,/campus-life#amenitycentre
Medical Centre,/campus-life#medicalcentre
Hostel,/campus-life#hostel
Transport,/campus-life#transport
ADMISSIONS,https://sece.ac.in/admissions/
,https://sece.ac.in
HOME,https://sece.ac.in/
ABOUT,https://sece.ac.in/governance/
Governance,https://sece.ac.in/governance/
Leadership,https://sece.ac.in/leadership/
Vision & Mission,https://sece.ac.in/vision-and-mission/
Milestones,https://sece.ac.in/milestones/
Awards & Achievements,https://sece.ac.in/awards-achievements/
ACADEMICS,https://sece.ac.in/academics/
Academics @ Sri Eshwar,https://sece.ac.in/academics/
Programmes,https://sece.ac.in/programmes/
Academic Calendar,https://sece.ac.in/academic-calendar/
Departments,https://sece.ac.in/departments/
Computer Science Engineering (Artificial Intelligence & Machine Learning),https://sece.ac.in/department-aiml/
Artificial Intelligence & Data Science (AI&DS),https://sece.ac.in/department-aids/
Computer Science and Engineering (CSE),https://sece.ac.in/department-computer-science-engineering-2/
Computer Science Engineering  (Cyber Security),https://sece.ac.in/department-cyber-security/
Computer Science & Business Systems (CSBS),https://sece.ac.in/department-csbs/
Computer & Communication Engineering (CCE),https://sece.ac.in/department-computer-communication-engineering/
Electronics & Communication Engineering (ECE),https://sece.ac.in/department-electronics-communication-engineering/
Electronics Engineering (VLSI Design and Technology),https://sece.ac.in/department-electronics-engineering-vlsi-design-and-technology/
Electrical & Electronics Engineering (EEE),https://sece.ac.in/department-electrical-electronics-engineering/
Information Technology (IT),https://sece.ac.in/department-it/
Mechanical Engineering (MECH),https://sece.ac.in/department-mech/
Science & Humanities (S&H),https://sece.ac.in/department-science-humanities/
Office of the COE,https://sece.ac.in/coe/
Student Awards,https://sece.ac.in/student-awards/
RESEARCH,https://sece.ac.in/research/
Centre for Research,https://sece.ac.in/research/
Academic Research,#
Research Publications,https://sece.ac.in/research-publication/
Intellectual Property Rights (IPR),https://sece.ac.in/intellectual-property-rights/
Research Institute,https://sece.ac.in/research-institute/
Sponsored Research,#
Research Grants,https://sece.ac.in/research-funds/
Seed Funds,https://sece.ac.in/seed-funds/
Slot Gacor,https://sece.ac.in/slot-gacor/
Consultancy Projects,https://sece.ac.in/consultancy-projects/
Advanced Research Centres,/research/#advancedresearchcentres
Research Facilities,https://sece.ac.in/research-facilities/
Research Conferences,/research#conferences
Downloads,/research#downloads
INNOVATION,https://sece.ac.in/innovation/
Centre for Innovation,https://sece.ac.in/innovation/
Centres of Excellence,/innovation#centresofexcellence
Institution Innovation Council (IIC),https://sece.ac.in/institution-innovation-council/
Hackathons,/innovation#hackathons
Product Development,/innovation#productdevelopment
Ignite Startup Accelerator,/innovation#ignite
Entrepreneurship,/innovation#entrepreneurship
Skill Development,/innovation#skilldevelopment
Downloads,/innovation#downloads
INTERNATIONAL RELATIONS,#
Centre for International Relations,https://sece.ac.in/international-relations-3/
Global Alliances,https://sece.ac.in/global-alliances/
Inward Mobility,https://sece.ac.in/inward-mobility/
Semester @ Sri Eshwar,/inward-mobility#semestersrieshwar
Internships @ Sri Eshwar,/inward-mobility#internshipsrieshwar
Sri Eshwar Summer/Winter School Program,/inward-mobility#summerwinterprogram
Outward Mobility,https://sece.ac.in/outward-mobility/
Semester Abroad Program,/outward-mobility#semesterabroadprogram
International Internships,/outward-mobility#internationalinternships
Summer/Winter School Program,/outward-mobility#summerwinterprogram
Things to do in Tokyo,https://sece.ac.in/things-to-do-in-tokyo/
Plan a Trip to Tokyo,https://sece.ac.in/plan-a-trip-to-tokyo/
Osaka Travel Guide,https://sece.ac.in/osaka-travel-guide/
International Visiting Faculty,https://sece.ac.in/cir-events/
International Internship 2026 @ SECE,https://sece.ac.in/international-summer-internship-2026/
CAREER DEVELOPMENT,https://sece.ac.in/career-development/
Centre for Training & Placements,https://sece.ac.in/career-development/
Top Recruiters,/career-development#toprecruiters
Placement Statistics,https://sece.ac.in/career-development/#placement-statistics
Placement Training Programs,https://sece.ac.in/placement-training/
Industry Institution Interaction,https://sece.ac.in/industry-institution-interaction/
Centre for Higher Education & Foreign Language,https://sece.ac.in/centre-higher-education-foreign-language/
CAMPUS LIFE,https://sece.ac.in/campus-life/
Life @ Sri Eshwar,https://sece.ac.in/campus-life/
Student Leadership Council,/campus-life#slc
Flagship Events,https://sece.ac.in/flagship-events/
Fine Arts,/campus-life#finearts
Sports,/campus-life#sports
Clubs,/campus-life#clubs
NCC,/campus-life#ncc
Community Outreach,/campus-life#communityoutreach
Student Welfare,/campus-life#studentwelfare
Library,/campus-life#library
Amenity Centre,/campus-life#amenitycentre
Medical Centre,/campus-life#medicalcentre
Hostel,/campus-life#hostel
Transport,/campus-life#transport
ADMISSIONS,https://sece.ac.in/admissions/
,https://sece.ac.in
HOME,https://sece.ac.in/
ABOUT,#
Governance,https://sece.ac.in/governance/
Leadership,https://sece.ac.in/leadership/
Awards & Achievements,https://sece.ac.in/awards-achievements/
ACADEMICS,#
Academics @ Sri Eshwar,https://sece.ac.in/academics/
Departments,https://sece.ac.in/departments/
Programmes,https://sece.ac.in/programmes/
Academic Calendar,https://sece.ac.in/academic-calendar/
Controller of Examinations (CoE),https://sece.ac.in/coe/
Student Awards,https://sece.ac.in/student-awards/
RESEARCH,#
Centre for Research,https://sece.ac.in/research/
Academic Research,#
Research Publication,https://sece.ac.in/research-publication/
Intellectual Property Rights (IPR),https://sece.ac.in/intellectual-property-rights/
Research Institute,https://sece.ac.in/research-institute/
Sponsored Research,#
Research Grants,https://sece.ac.in/research-funds/
Seed Funds,https://sece.ac.in/seed-funds/
Consultancy Projects,https://sece.ac.in/consultancy-projects/
Advanced Research Centres,/research#advancedresearchcentres
Research Facilities,https://sece.ac.in/research-facilities/
Research Conferences,/research#conferences
Downloads,/research#downloads
INNOVATION,#
Centre for Innovation,https://sece.ac.in/innovation/
Centres of Excellence,/innovation#centresofexcellence
Institution Innovation Council (IIC),https://sece.ac.in/institution-innovation-council/
Hackthons,/innovation#hackathons
Product Development,/innovation#productdevelopment
IGNITE – Startup Accelerator,/innovation#ignite
Entrepreneurship,/innovation#entrepreneurship
Skill Development,/innovation#skilldevelopment
Downloads,/innovation#downloads
INTERNATIONAL RELATIONS,#
Centre for International Relations,https://sece.ac.in/international-relations-3/
global-alliances,https://sece.ac.in/global-alliances/
Inward Mobility,https://sece.ac.in/inward-mobility/
Outward Mobility,https://sece.ac.in/outward-mobility/
International Visiting Faculty,/international-relations-3#internationalvisitingfaculty
CAREER DEVELOPMENT,#
Centre for Training & Placements,https://sece.ac.in/career-development/
Top Recruiters,/career-development#toprecruiters
Placement Statistics,https://sece.ac.in/recruiters/
Placement Training Programs,https://sece.ac.in/placement-training/
Industry Institution Interaction,https://sece.ac.in/industry-institution-interaction/
Centre for Higher Education & Foreign Language,https://sece.ac.in/centre-higher-education-foreign-language/
CAMPUS LIFE,#
Life @ Sri Eshwar,https://sece.ac.in/campus-life/
Flagship Events,https://sece.ac.in/flagship-events/
Student Leadership Council,/campus-life#slc
Fine Arts,/campus-life#finearts
Sports,/campus-life#sports
Clubs,/campus-life#clubs
NCC,/campus-life#ncc
Community Outreach,/campus-life#communityoutreach
Student Welfare,/campus-life#studentwelfare
Library,/campus-life#library
Amenity Centre,/campus-life#amenitycentre
Medical Centre,/campus-life#medicalcentre
Hostel,/campus-life#hostel
Transport,/campus-life#transport
ADMISSIONS,https://sece.ac.in/admissions/
ERP,https://erp.sece.ac.in/impreserp/
IQAC,https://sece.ac.in/iqac/
ALUMNI,https://www.secealumni.in/
CAREER,https://docs.google.com/forms/d/e/1FAIpQLSfo4UGNol_gq6E1Yxu9YujGeTgf3qLo8gUjT-BUtKOxO0nbag/viewform
QUICK LINKS,#
Grievance Redressal Committee,https://sece.ac.in/grievance-redressal-committee/
Anti Ragging Committee,https://sece.ac.in/anti-ragging-committee/
Student Welfare,https://sece.ac.in/student-welfare/
Counsellor Committee,https://sece.ac.in/counsellor-committee/
Anti Ragging Committee,https://sece.ac.in/anti-ragging-committee/
SC/ST Cell,https://sece.ac.in/scst-cell/
Contact,https://sece.ac.in/contact/
STUDY IN INDIA,https://www.studyinindia.gov.in/admission/registrations
,https://sece.ac.in
Campus tour,https://sece.ac.in/contact-us/
Admissions,https://sece.ac.in/contact-us/
HOME,https://sece.ac.in/
ABOUT,#
Governance,https://sece.ac.in/governance/
Leadership,https://sece.ac.in/leadership/
Awards & Achievements,https://sece.ac.in/awards-achievements/
ACADEMICS,#
Academics @ Sri Eshwar,https://sece.ac.in/academics/
Departments,https://sece.ac.in/departments/
Programmes,https://sece.ac.in/programmes/
Academic Calendar,https://sece.ac.in/academic-calendar/
Controller of Examinations (CoE),https://sece.ac.in/coe/
Student Awards,https://sece.ac.in/student-awards/
RESEARCH,#
Centre for Research,https://sece.ac.in/research/
Academic Research,#
Research Publication,https://sece.ac.in/research-publication/
Intellectual Property Rights (IPR),https://sece.ac.in/intellectual-property-rights/
Research Institute,https://sece.ac.in/research-institute/
Sponsored Research,#
Research Grants,https://sece.ac.in/research-funds/
Seed Funds,https://sece.ac.in/seed-funds/
Consultancy Projects,https://sece.ac.in/consultancy-projects/
Advanced Research Centres,/research#advancedresearchcentres
Research Facilities,https://sece.ac.in/research-facilities/
Research Conferences,/research#conferences
Downloads,/research#downloads
INNOVATION,#
Centre for Innovation,https://sece.ac.in/innovation/
Centres of Excellence,/innovation#centresofexcellence
Institution Innovation Council (IIC),https://sece.ac.in/institution-innovation-council/
Hackthons,/innovation#hackathons
Product Development,/innovation#productdevelopment
IGNITE – Startup Accelerator,/innovation#ignite
Entrepreneurship,/innovation#entrepreneurship
Skill Development,/innovation#skilldevelopment
Downloads,/innovation#downloads
INTERNATIONAL RELATIONS,#
Centre for International Relations,https://sece.ac.in/international-relations-3/
global-alliances,https://sece.ac.in/global-alliances/
Inward Mobility,https://sece.ac.in/inward-mobility/
Outward Mobility,https://sece.ac.in/outward-mobility/
International Visiting Faculty,/international-relations-3#internationalvisitingfaculty
CAREER DEVELOPMENT,#
Centre for Training & Placements,https://sece.ac.in/career-development/
Top Recruiters,/career-development#toprecruiters
Placement Statistics,https://sece.ac.in/recruiters/
Placement Training Programs,https://sece.ac.in/placement-training/
Industry Institution Interaction,https://sece.ac.in/industry-institution-interaction/
Centre for Higher Education & Foreign Language,https://sece.ac.in/centre-higher-education-foreign-language/
CAMPUS LIFE,#
Life @ Sri Eshwar,https://sece.ac.in/campus-life/
Flagship Events,https://sece.ac.in/flagship-events/
Student Leadership Council,/campus-life#slc
Fine Arts,/campus-life#finearts
Sports,/campus-life#sports
Clubs,/campus-life#clubs
NCC,/campus-life#ncc
Community Outreach,/campus-life#communityoutreach
Student Welfare,/campus-life#studentwelfare
Library,/campus-life#library
Amenity Centre,/campus-life#amenitycentre
Medical Centre,/campus-life#medicalcentre
Hostel,/campus-life#hostel
Transport,/campus-life#transport
ADMISSIONS,https://sece.ac.in/admissions/
ERP,https://erp.sece.ac.in/impreserp/
IQAC,https://sece.ac.in/iqac/
ALUMNI,https://www.secealumni.in/
CAREER,https://docs.google.com/forms/d/e/1FAIpQLSfo4UGNol_gq6E1Yxu9YujGeTgf3qLo8gUjT-BUtKOxO0nbag/viewform
QUICK LINKS,#
Grievance Redressal Committee,https://sece.ac.in/grievance-redressal-committee/
Anti Ragging Committee,https://sece.ac.in/anti-ragging-committee/
Student Welfare,https://sece.ac.in/student-welfare/
Counsellor Committee,https://sece.ac.in/counsellor-committee/
Anti Ragging Committee,https://sece.ac.in/anti-ragging-committee/
SC/ST Cell,https://sece.ac.in/scst-cell/
Contact,https://sece.ac.in/contact/
STUDY IN INDIA,https://www.studyinindia.gov.in/admission/registrations
,https://sece.ac.in
HOME,https://sece.ac.in/
ABOUT,#
Governance,https://sece.ac.in/governance/
Leadership,https://sece.ac.in/leadership/
Awards & Achievements,https://sece.ac.in/awards-achievements/
ACADEMICS,#
Academics @ Sri Eshwar,https://sece.ac.in/academics/
Departments,https://sece.ac.in/departments/
Programmes,https://sece.ac.in/programmes/
Academic Calendar,https://sece.ac.in/academic-calendar/
Controller of Examinations (CoE),https://sece.ac.in/coe/
Student Awards,https://sece.ac.in/student-awards/
RESEARCH,#
Centre for Research,https://sece.ac.in/research/
Academic Research,#
Research Publication,https://sece.ac.in/research-publication/
Intellectual Property Rights (IPR),https://sece.ac.in/intellectual-property-rights/
Research Institute,https://sece.ac.in/research-institute/
Sponsored Research,#
Research Grants,https://sece.ac.in/research-funds/
Seed Funds,https://sece.ac.in/seed-funds/
Consultancy Projects,https://sece.ac.in/consultancy-projects/
Advanced Research Centres,/research#advancedresearchcentres
Research Facilities,https://sece.ac.in/research-facilities/
Research Conferences,/research#conferences
Downloads,/research#downloads
INNOVATION,#
Centre for Innovation,https://sece.ac.in/innovation/
Centres of Excellence,/innovation#centresofexcellence
Institution Innovation Council (IIC),https://sece.ac.in/institution-innovation-council/
Hackthons,/innovation#hackathons
Product Development,/innovation#productdevelopment
IGNITE – Startup Accelerator,/innovation#ignite
Entrepreneurship,/innovation#entrepreneurship
Skill Development,/innovation#skilldevelopment
Downloads,/innovation#downloads
INTERNATIONAL RELATIONS,#
Centre for International Relations,https://sece.ac.in/international-relations-3/
global-alliances,https://sece.ac.in/global-alliances/
Inward Mobility,https://sece.ac.in/inward-mobility/
Outward Mobility,https://sece.ac.in/outward-mobility/
International Visiting Faculty,/international-relations-3#internationalvisitingfaculty
CAREER DEVELOPMENT,#
Centre for Training & Placements,https://sece.ac.in/career-development/
Top Recruiters,/career-development#toprecruiters
Placement Statistics,https://sece.ac.in/recruiters/
Placement Training Programs,https://sece.ac.in/placement-training/
Industry Institution Interaction,https://sece.ac.in/industry-institution-interaction/
Centre for Higher Education & Foreign Language,https://sece.ac.in/centre-higher-education-foreign-language/
CAMPUS LIFE,#
Life @ Sri Eshwar,https://sece.ac.in/campus-life/
Flagship Events,https://sece.ac.in/flagship-events/
Student Leadership Council,/campus-life#slc
Fine Arts,/campus-life#finearts
Sports,/campus-life#sports
Clubs,/campus-life#clubs
NCC,/campus-life#ncc
Community Outreach,/campus-life#communityoutreach
Student Welfare,/campus-life#studentwelfare
Library,/campus-life#library
Amenity Centre,/campus-life#amenitycentre
Medical Centre,/campus-life#medicalcentre
Hostel,/campus-life#hostel
Transport,/campus-life#transport
ADMISSIONS,https://sece.ac.in/admissions/
ERP,https://erp.sece.ac.in/impreserp/
IQAC,https://sece.ac.in/iqac/
ALUMNI,https://www.secealumni.in/
CAREER,https://docs.google.com/forms/d/e/1FAIpQLSfo4UGNol_gq6E1Yxu9YujGeTgf3qLo8gUjT-BUtKOxO0nbag/viewform
QUICK LINKS,#
Grievance Redressal Committee,https://sece.ac.in/grievance-redressal-committee/
Anti Ragging Committee,https://sece.ac.in/anti-ragging-committee/
Student Welfare,https://sece.ac.in/student-welfare/
Counsellor Committee,https://sece.ac.in/counsellor-committee/
Anti Ragging Committee,https://sece.ac.in/anti-ragging-committee/
SC/ST Cell,https://sece.ac.in/scst-cell/
Contact,https://sece.ac.in/contact/
STUDY IN INDIA,https://www.studyinindia.gov.in/admission/registrations
,https://sece.ac.in
Campus tour,https://sececampustour.com/
Admission 2025,#elementor-action%3Aaction%3Dpopup%3Aopen%26settings%3DeyJpZCI6IjI3NDM5IiwidG9nZ2xlIjpmYWxzZX0%3D
Slot Demo,https://slot-demo.munitrelew.gov.ar/
Slot Gacor,https://sece.ac.in/slot-gacor/
Slot Gacor Anti Kalah,https://library.phenikaa-uni.edu.vn/
SBOBET,https://dise.udec.cl/
MAXWIN25,https://munitrelew.gov.ar/
KNOW MORE,/milestones
Bokep JAV Sub Indo,https://xsuperjav.net/
GOJAV Sub Indo,https://gojav.org/
VegaMovies,https://vegamovies1.in/
B.E.Computer Science and Engineering,/department-computer-science-engineering
B.E.Computer Science and Engineering (Artificial Intelligence & Machine Learning),/department-aiml
B.E.Computer and Communication Engineering,/department-computer-communication-engineering
B.E.Computer Science and Engineering (Cyber Security),#
B.E.Electronics and CommunicationEngineering,/department-electronics-communication-engineering
B.E.Electrical and Electronics Engineering,/department-electrical-electronics-engineering
B.E.Mechanical Engineering,/department-mech
B.Tech.Artificial Intelligence and Data Science,/department-aids
B.Tech.Computer Science and Business Systems,/department-csbs
B.Tech.Information Technology,/department-it
M.E.Computer Science and Engineering,/department-computer-science-engineering
M.E.Engineering Design,/department-mech
M.E.VLSI Design,/department-electronics-communication-engineering
ADMISSIONS,/admissions
,#
,#
,#
,#
,#
,#
,#
,#
,#
,#
,#
,#
,#
,#
,#
,#
,#
,#
,#elementor-action%3Aaction%3Dlightbox%26settings%3DeyJ0eXBlIjoidmlkZW8iLCJ2aWRlb1R5cGUiOiJ5b3V0dWJlIiwidXJsIjoiaHR0cHM6XC9cL3d3dy55b3V0dWJlLmNvbVwvZW1iZWRcL1ktcHFZOS13TzNZP2ZlYXR1cmU9b2VtYmVkIn0%3D
,#elementor-action%3Aaction%3Dlightbox%26settings%3DeyJ0eXBlIjoidmlkZW8iLCJ2aWRlb1R5cGUiOiJ5b3V0dWJlIiwidXJsIjoiaHR0cHM6XC9cL3d3dy55b3V0dWJlLmNvbVwvZW1iZWRcL3ZjZldlY0w3QVo0P2ZlYXR1cmU9b2VtYmVkIn0%3D
,#elementor-action%3Aaction%3Dlightbox%26settings%3DeyJ0eXBlIjoidmlkZW8iLCJ2aWRlb1R5cGUiOiJ5b3V0dWJlIiwidXJsIjoiaHR0cHM6XC9cL3d3dy55b3V0dWJlLmNvbVwvZW1iZWRcL3ZjZldlY0w3QVo0P2ZlYXR1cmU9b2VtYmVkIn0%3D
,#elementor-action%3Aaction%3Dlightbox%26settings%3DeyJ0eXBlIjoidmlkZW8iLCJ2aWRlb1R5cGUiOiJ5b3V0dWJlIiwidXJsIjoiaHR0cHM6XC9cL3d3dy55b3V0dWJlLmNvbVwvZW1iZWRcL3d0aFVvSl9OU1dRP2ZlYXR1cmU9b2VtYmVkIn0%3D
,#elementor-action%3Aaction%3Dlightbox%26settings%3DeyJ0eXBlIjoidmlkZW8iLCJ2aWRlb1R5cGUiOiJ5b3V0dWJlIiwidXJsIjoiaHR0cHM6XC9cL3d3dy55b3V0dWJlLmNvbVwvZW1iZWRcL042S0w0RXJONW5NP2ZlYXR1cmU9b2VtYmVkIn0%3D
,#elementor-action%3Aaction%3Dlightbox%26settings%3DeyJ0eXBlIjoidmlkZW8iLCJ2aWRlb1R5cGUiOiJ5b3V0dWJlIiwidXJsIjoiaHR0cHM6XC9cL3d3dy55b3V0dWJlLmNvbVwvZW1iZWRcL042S0w0RXJONW5NP2ZlYXR1cmU9b2VtYmVkIn0%3D
,#elementor-action%3Aaction%3Dlightbox%26settings%3DeyJ0eXBlIjoidmlkZW8iLCJ2aWRlb1R5cGUiOiJ5b3V0dWJlIiwidXJsIjoiaHR0cHM6XC9cL3d3dy55b3V0dWJlLmNvbVwvZW1iZWRcL042S0w0RXJONW5NP2ZlYXR1cmU9b2VtYmVkIn0%3D
KNOW MORE,/career-development#recruiters
,/research#academicresearch
AcademicResearch,/research#academicresearch
,/research#sponsoredresearch
,/research#advancedresearchcentres
KNOW MORE,/research
,/innovation#coe
,/innovation#hackathons
,/innovation#ignite
KNOW MORE,/innovation
KNOW MORE,/international-relations-3
KNOW MORE,https://sece.ac.in/achievements/
KNOW MORE,https://sece.ac.in/events/
EXPERIENCE THE CAMPUS LIFE,/campus-life
CAMPUS TOUR,https://sececampustour.com/
ADMISSIONS,/admissions
KNOW MORE,/hostel
,#
,#
,#
,#
,#
KNOW MORE,https://sece.ac.in/feature-of-day/
What are the programmes offered at Sri Eshwar?,#collapse-f08f5d26a307bbf1ed7d
Is there an active Alumni cell at Sri Eshwar?,#collapse-ecc0a796a307bbf1ed7d
Does college offer Research sponsorships?,#collapse-d698e196a307bbf1ed7d
Does Sri Eshwar college offer placements?,#collapse-f08f5d26a307bbf20003
How is the hostel facility at Sri Eshwar?,#collapse-ecc0a796a307bbf20003
Sri Eshwar,mailto:hr@sece.ac.in
How is the campus life at Sri Eshwar?,#collapse-d698e196a307bbf20003
ADMISSIONS,/admissions
Linkedin,https://www.linkedin.com/school/srieshwar/
Youtube,https://www.youtube.com/channel/UC77zVLSva6lRY6eqaDFUkuA
Instagram,https://www.instagram.com/srieshwar_cbe/?hl=en
X-twitter,https://x.com/srieshwar_cbe
UG Programmes,/programmes
PG Programmes,/programmes
Doctorate Programmes,/programmes
About Us,/milestones
Academics,/academics
Research,/research
Innovation,/innovation
International Relations,/international-relations-3
Career Development,/career-development
Campus Life,/campus-life
Admissions,/admissions
Contact,/contact
Anti-Ragging Cell,/anti-ragging-committee
Grievance Redressal,/grievance-redressal-committee
Internal Complaints,/internal-complaints-committee
Counsellor Committee,/counsellor-committee
SC/ST Cell,https://sece.ac.in/scst-cell/
SECE @ Media,/media
Mandatory Disclosure,https://sece.ac.in/AICTE%2025-26/2025-26%20-%20Mandatory%20Disclosure%20-%2017-12-2025%20-%20V2..pdf?_t=1768967963
Security Audit,https://drive.google.com/file/d/1Tvoy1omo_wKY1RP8VYvGLeO930jzLShE/view?usp=sharing
AICTE Feedback,https://sece.ac.in/aicte
Rules and Regulations,https://sece.ac.in/rules-and-regulations/
Policies,https://sece.ac.in/policies/
Contact,https://sece.ac.in/contact/
AICTE   Scholarship / Fellowship Schemes,https://www.aicte.gov.in/schemes/students-development-schemes
NBA,https://sece.ac.in/wp-content/uploads/2024/07/NBA-Extn-3-years-1.pdf
NIRF,/iqac
,#top
,tel:+914259200300
CALL US,tel:+914259200300
,https://maps.app.goo.gl/kqFwGq4dzoDSVfpg7
LOCATION,https://maps.app.goo.gl/kqFwGq4dzoDSVfpg7
,mailto:sece@sece.ac.in
EMAIL,mailto:sece@sece.ac.in
