type,level,text
heading,h2,TOPPERS' TOP CHOICE.EXPERIENTIAL LEARNING.
heading,h2,FANTABULOUS CAMPUS.
heading,h2,12thPOSITION IN TAMILNADUTNEA 2025 ADMISSIONS
heading,h2,6thRANKIN COIMBATORE TNEA 2025 ADMISSIONS.
heading,h2,RANKED INNIRF2025201 - 300BAND UNDER ENGINEERING CATEGORY
heading,h2,"TOP 2%SCIENTISTS OF THE WORLD WITH 
SRI ESHWAR"
heading,h2,"50+PARTNERSHIPS
WITH UNIVERSITIES AROUND THE WORLD"
heading,h1,ACADEMICS @SRI ESHWAR
heading,h6,ENGINEERING
heading,h6,TECHNOLOGY
heading,h6,ENGINEERING
heading,h4,Anna University Approved Research Institute
heading,h1,WORLDCLASSFACILITIES
heading,h1,PLACEMENTSTORIES
heading,h1,EXCELLENT RESEARCH
heading,h1,INNOVATION ECOSYSTEM
heading,h3,INTERNATIONAL RELATIONS
heading,h3,50+ Partnerships
heading,h3,100+ Global Events
heading,h3,Intl. Advisory Board
heading,h3,1000+ Students
heading,h1,ESHWARITESSHINE GLOBALLY
heading,h1,NIDAR 2026
heading,h1,Caterpillar Autonomy Challenge 2026
heading,h1,ICPC Regionals 2025
heading,h4,"Muthuvel A, Prakashkumar M, Kamalesh R"
heading,h1,UNESCO-India-Africa Hackathon 2022
heading,h4,"N.Sudarsan, AI&DS"
heading,h1,ABB Hackthon
heading,h4,"Final year ECE,EEE,AIML & AIDS Students"
heading,h1,Quest Ingenium Hackathon
heading,h4,2nd CCE Students
heading,h1,Adya.ai
heading,h4,2nd AIDS & CY.S Students
heading,h1,Crayon'd
heading,h4,3rd AIML & CCE Students
heading,h2,STAY TUNED FOREVERYDAY HAPPENINGS
heading,h1,STAY TUNED FOREVERYDAY HAPPENINGS
heading,h1,"June 12, 2026"
heading,h4,Design Thinking and Innovation Boot Camp
heading,h1,"June 12, 2026"
heading,h4,Blood Donation Camp
heading,h1,"June 05, 2026"
heading,h4,World Environment Day
heading,h1,"May 25, 2026"
heading,h4,Hexaware AI Innovation League - Hail 2026
heading,h1,"April 07 & 08, 2026"
heading,h4,Workshop on From code to Cloud : Docker & CI/CD Pipelines
heading,h1,"April 06 & 07, 2026"
heading,h4,Workshop on Deep Learning for Next-Gen Electrical Engineers
heading,h1,"April 07, 2026"
heading,h4,Workshop on Building NLP Pipeline from From Preprocessing to Discourse Understanding
heading,h1,"April 07, 2026"
heading,h4,Expert Session on Driving Innovation Through Natural Language Processing and Twitter Data Mining
heading,h1,"March 23 & 24, 2026"
heading,h4,Workshop on Deep Dive into STL and Lambda Techniques in C++
heading,h1,"February 28, 2026"
heading,h4,National Science Day
heading,h1,"December 12, 2025"
heading,h4,Thiran 2026
heading,h1,"December 13, 2025"
heading,h4,Adya Launchlab Fellowship 2025
heading,h1,"December 12-13, 2025"
heading,h4,Academic Audit 2025
heading,h1,"December 15-27, 2025"
heading,h4,Internship in Analog and Digital IC Design
heading,h1,"December 1-19, 2025"
heading,h4,Mern Intership
heading,h1,"November 28, 2025"
heading,h4,Createathon 2025
heading,h1,"October 27, 2025"
heading,h4,My Mentor My Inspiration
heading,h1,"October 25, 2025"
heading,h4,Plastic Free Awareness Programme and Rally
heading,h1,"October 25, 2025"
heading,h4,Animate 2025
heading,h1,"October 17, 2025"
heading,h4,Diwali Carnival
heading,h1,"October 15, 2025"
heading,h4,A Comprehensive Self-Defense Training Session
heading,h1,"October 11, 2025"
heading,h4,Lifestyle Awareness Program
heading,h1,"September 22-30, 2025"
heading,h4,Navaratri Celebrations
heading,h1,"September 29, 2025"
heading,h4,Navaratri Dandiya
heading,h1,"September 27, 2025"
heading,h4,Internal Smart India Hackathon
heading,h1,"September 26, 2025"
heading,h4,Freshwarites - A Magical Evening
heading,h1,"September 26, 2025"
heading,h4,Freshwarites
heading,h1,"September 19, 2025"
heading,h4,KPIT Technologies Campus Visit
heading,h1,"September 15, 2025"
heading,h4,In Celebration of Engineers Day : Simulathon 2025
heading,h1,"September 15 & 20, 2025"
heading,h4,Life Skill Program
heading,h1,"September 15 & 16, 2025"
heading,h4,Zone-10 Inter College Basket ball Tournament
heading,h1,"September 13, 2025"
heading,h4,Energy and Automation Day
heading,h1,"September 13, 2025"
heading,h4,Youth for Climate Action
heading,h1,"September 12, 2025"
heading,h4,Recent Trends in VLSI Design
heading,h1,"September 12, 2025"
heading,h4,Leadership Talk
heading,h1,"September 12 - 15, 2025"
heading,h4,Engineers Day Celebration : Simulathon 2025
heading,h1,"September 11, 2025"
heading,h4,Internal Prelims - Smart India Hackthon 2025
heading,h1,"September 11 - 15, 2025"
heading,h4,Coding Carnival
heading,h1,"September 9 & 10, 2025"
heading,h4,Building Scalable and Secure Architecture in AWS
heading,h1,"September 8 - 13, 2025"
heading,h4,Building Smart  Solutions with Machine Learning
heading,h1,"September 4, 2025"
heading,h4,Onam Celebration
heading,h1,"August 26, 2025"
heading,h4,Ganesh Chathurthi Celebrations
heading,h1,"August 25 - 29, 2025"
heading,h4,Application and Development : Bridging Theory & Practice
heading,h1,"August 25 & 26, 2025"
heading,h4,Data Driven Insights  : From Statistics to Feature Engineering
heading,h1,"August 18 - 22, 2025"
heading,h4,Smart Farming Solutions : A Workshop on Digital Tools For Sustainable Agriculture
heading,h1,"August 15, 2025"
heading,h4,Independence Day
heading,h1,"August 14, 2025"
heading,h4,Recent Trends in Semiconductor Industry & Job Opportunities
heading,h1,"August 4, 2025"
heading,h4,Technical Talk on : Mathematical Logic in AI
heading,h1,"August 4 - 6, 2025"
heading,h4,The Dynamic Programming Master Class - BreakingDown Complexity
heading,h1,"July 31, 2025"
heading,h4,FDP Value of Education
heading,h1,"July 29 - 31, 2025"
heading,h4,Professional Elective Phase-1 on DevOps
heading,h1,"July 28, 2025"
heading,h4,World Nature Conservation Day
heading,h1,"July 28 - 30, 2025"
heading,h4,"Breaking Problems, Building Solutions : The Power of Dynamic Programming"
heading,h1,"July 26, 2025"
heading,h4,Crafting Innovators - A Roadmap Through Skill Mapping
heading,h1,"July 24, 2025"
heading,h4,Seminar on : Electronics Engineers : Skills and Readiness for Emerging Roles in the Automatic Industry
heading,h1,"July 17, 2025"
heading,h4,C Programming Contest :  Loop Fest 2025
heading,h1,"July 7 - 11, 2025"
heading,h4,FDP on Circuit Analysis Semiconductor Devices & Electronic Circuits
heading,h1,"July 2, 2025"
heading,h4,Bild & Beyond : Next-Gen Data Engineering
heading,h1,"July 2 - 19, 2025"
heading,h4,Cyber Security
heading,h1,"July 2 - 18, 2025"
heading,h4,ArchitectX Cloud
heading,h1,"July 2 - 19, 2025"
heading,h4,Modern Full Stack Web Development
heading,h1,"July 2 - 18, 2025"
heading,h4,Java Full Stack (Spring Boot + React)
heading,h1,"July 2 - 19, 2025"
heading,h4,"Hal, Bare Metal Programming and Rtos"
heading,h1,"July 2 - 19, 2025"
heading,h4,Mobile App Development Using Flutter & Dart
heading,h1,"July 2 - 18, 2025"
heading,h4,DevOps and Site Reliability Engineering (SRE)
heading,h1,"June 21, 2025"
heading,h4,International Yoga Day
heading,h1,"June 30, 2025"
heading,h4,Visual Intelligence 2025 Power BI Contest
heading,h1,"June 18 - 27, 2025"
heading,h4,Annual Training Camp
heading,h1,"June 16 - 21, 2025"
heading,h4,Cybershields:Empowering  Educators with Next-Gen Security Skills
heading,h1,"June 13, 2025"
heading,h4,Fathers Day
heading,h1,"June 6, 2025"
heading,h4,React JS With Spring Boot Project Leap
heading,h1,"June 3 & 4, 2025"
heading,h4,Robotics To Industry
heading,h1,"June 2 - 6, 2025"
heading,h4,Advanced Embedded System Design and Industrial Automation
heading,h1,"May 30, 2025"
heading,h4,Academic Council Meeting
heading,h1,"May 21 & 22, 2025"
heading,h4,Operating System and Virtualization
heading,h1,"May 10, 2025"
heading,h4,Freshathon 2025 Project Expo3.0
heading,h1,"May 12 - 16,, 2025"
heading,h4,IOC on Future Flow Smart Automation Essentials
heading,h1,"May 14 & 15,, 2025"
heading,h4,Python Django Meets Mongo DB
heading,h1,"May 20 & 21,, 2025"
heading,h4,OS Unlocked :Industry and Placement
heading,h1,"May 15 & 16, 2025"
heading,h4,React JS With SpringBoot - Project Leap
heading,h1,"May 14 - 16 &19, 2025"
heading,h4,React JS With SpringBoot
heading,h1,"May 16, 2025"
heading,h4,Deep Dive into STL and Lambda techniques in C++
heading,h1,"May 24, 2025"
heading,h4,Project Review ROBO AI
heading,h1,"May 14 &15,2025"
heading,h4,Unlocking Python Tool for Real World Programming
heading,h1,"May 15, 2025"
heading,h4,Intra-College Programming Championship (SICPC)
heading,h1,"May 12 - 14, 2025"
heading,h4,Value Added Course on Data Visualization Using Power BI
heading,h1,"May 12 & 13, 2025"
heading,h4,Workshop on OOPS Using C++
heading,h1,"May 12 & 13, 2025"
heading,h4,Workshop on Deep Dive Into STL and Lambda Techniques in C++
heading,h1,"May 10, 2025"
heading,h4,Freshathon 2025 Project Expo 3.0
heading,h1,"May 09 & 10, 2025"
heading,h4,Workshop on Operating System
heading,h1,"May 07 & 08, 2025"
heading,h4,Workshop on Machine Learning for Impact : An Innovation Science-Based Learning Journey
heading,h1,"May 05 & 06, 2025"
heading,h4,Workshops on Transforming Data into Insights: An Innovations Data Science Experience
heading,h1,"May 05 & 06, 2025"
heading,h4,Awareness Program on Digital Marketing
heading,h1,"May 03, 2025"
heading,h4,Idea Ignite - Project Contest
heading,h1,"May 03, 2025"
heading,h4,Workshop on Embedded IOT for Breakthrough Innovation
heading,h1,"April 28 & 29, 2025"
heading,h4,Nextgen C++ Innovation throgh STL Concurrency & Beyond
heading,h1,"April 28 & 29, 2025"
heading,h4,Gameathon
heading,h1,"April 26, 2025"
heading,h4,17th Annual Day Celebrations
heading,h1,"April 25, 2025"
heading,h4,Codelee DS Warriors
heading,h1,"April 21, 2025"
heading,h4,Ideathon 2025
heading,h1,"April 07, 2025"
heading,h4,Sri Eshwar takes One Giant step towards good health
heading,h1,"April 05, 2025"
heading,h4,Workshop on Bug Bounty & Pen Testing Uncovering Vulnerabilities like a Pro
heading,h1,"April 05, 2025"
heading,h4,Career Advancement Program
heading,h1,"April 04, 2025"
heading,h4,Workshop on BUSINESS MODEL CANVAS
heading,h1,"April 03 - 09, 2025"
heading,h4,Event in Celebration of Mathematics and Awareness Month
heading,h1,"April 01, 2025"
heading,h4,Women Entrepreneurship Development Progamme (WEDP)
heading,h1,"March 31, 2025"
heading,h4,Awareness Program on Digital Marketing
heading,h3,CAMPUSLIFE
heading,h1,CAMPUSLIFE
heading,h3,HOSTEL
heading,h4,COZY ROOMS.COMFORTABLE STAY.
heading,h3,ALUMNISPEAK
heading,h1,ALUMNISPEAK
heading,h3,INSPIRATIONALDAYSDAYS THAT INSTILLHOPE AND INSPIRE ACTION!
heading,h1,INSPIRATIONALDAYSDAYS THAT INSTILLHOPE AND INSPIRE ACTION!
heading,h1,DAYS THAT INSTILLHOPE AND INSPIRE ACTION!
heading,h1,FREQUENTLY ASKED QUESTIONS
heading,h3,PROGRAMMES
heading,h2,UG Programmes
heading,h2,PG Programmes
heading,h2,Doctorate Programmes
heading,h3,MAIN LINKS
heading,h2,About Us
heading,h2,Academics
heading,h2,Research
heading,h2,Innovation
heading,h2,International Relations
heading,h2,Career Development
heading,h2,Campus Life
heading,h2,Admissions
heading,h2,Contact
heading,h3,QUICK LINKS
heading,h2,Anti-Ragging Cell
heading,h2,Grievance Redressal
heading,h2,Internal Complaints
heading,h2,Counsellor Committee
heading,h2,SC/ST Cell
heading,h2,SECE @ Media
heading,h2,Mandatory Disclosure
heading,h2,Security Audit
heading,h2,AICTE Feedback
heading,h2,Rules and Regulations
heading,h2,Policies
heading,h2,Contact
heading,h2,AICTE   Scholarship / Fellowship Schemes
heading,h6,ACCREDITATIONS
heading,h2,NBA
heading,h2,NIRF
heading,h3,CALL US
heading,h3,LOCATION
heading,h3,EMAIL
paragraph,p,Sri Eshwar Engineering College
paragraph,p,TNEACODE
paragraph,p,2739
paragraph,p,TNEACODE
paragraph,p,2739
paragraph,p,TNEACODE
paragraph,p,2739
paragraph,p,TNEACODE
paragraph,p,2739
paragraph,p,TNEACODE
paragraph,p,2739
paragraph,p,"Sri Eshwaris the most preferred institution for high ranking students. With industry-relevant curriculum, project based learning, high energy faculty, corporate-like facilities, best amenities and vibrant activities, Sri Eshwar is the most sought after institution for high quality and holistic education. What’s more? We are proud to emerge, every year, as aTOP PLACEMENTS COLLEGE!"
paragraph,p,Industry-relevant course content and skill based learning methods form the crux of our programme offerings. We extensively engage industry professionals to empower our faculty and students and help them stay updated. We also constantly update our curriculum and stay agile to suit the changing needs of industries. Our goal is to ensure that students are industry-ready in all aspects for theirBRIGHT CAREERS.
paragraph,p,"Ph.D. Programmes are offered across all Engineering, Technology,Science & Humanities disciplines."
paragraph,p,"Collab Space, a space where students work in teams, collaborate to build products, gear up for upcoming hackathons and work on interesting projects. Collab Space provides the right ambience for students to get into the corporate groove."
paragraph,p,"MakerSpace is a state-of the art facility specially designed to promote interdepartmental, multidisciplinary collaboration among students. This space provides exceptional facilities, training and mentorship to turn their ideas into successful products.The students are also groomed here to compete in national and international level contests."
paragraph,p,"To stay in-line with the skill-based teaching methods, our classrooms are equipped with smart and interactive boards to bring a wide variety of learning possibilities to students. Throughout the lectures, students stay connected to their laptops, to experiment and try out the problems being taught. Our classrooms are truly an engaging and interactive experience for students."
paragraph,p,"IT Centre was built  to provide students with an ultimate experience of an IT company. The IT Centre houses a 200 seater auditorium, Centres of Excellence with Virtusa, Aspire Systems, NTT Data etc and Extended Development Centres. Students are rigorously trained and prepared for placements here.Through the Centres of Excellence, the recruited students are given company specific training, so that they can be readily deployed into projects when they join the company."
paragraph,p,"Throughout the campus, you will find that Sri Eshwar is willing to go the extra mile to create the right ambience for learning. Students can learn well, when the environment is casual, supportive and comfortable. Our learning spaces are designed by keeping in mind the student’s comfort while they learn together in teams."
paragraph,p,"Our Centres of Excellence promote multi-disciplinary learning which brings a confluence of ideas and new innovations to the forefront. Uniquely designed spaces, inspires students to work on their projects with a free and happy mind, and extracts their best capability."
paragraph,p,"As a top placements college, we pride ourselves in providing exclusive placement training facilities. With more than four 200+ seating capacity facilities, four 60+ seating capacity training rooms, we can accommodate about 1000 students to undergo dedicated hands-on placement training at a time. With such exclusive training facilities paired with industry mentorship and high quality students, Sri Eshwar continues to top in placements every year in Tamil Nadu!."
paragraph,p,"Synapse Studio, an IT auditorium provides students with a hands-on learning experience. Industry experts and senior professionals utilize this space to conduct highly engaging hands-on sessions. dents to get into the corporate groove."
paragraph,p,Centre for International Relations immerses itself in enabling the exchange of students between Sri Eshwar and universities around the globe.The walls of this Centre is embellished with the pictures of the students and their university details who have already gone abroad and gathered rich and immersive experiences. This highly inspires students and also gives awareness on the possibilities of global education.
paragraph,p,"This Centre is used by students who wish to prepare for higher studies. Awareness sessions  on widespread future career options available to students after graduation, are conducted in the first year itself, by experts. Students who aspire for Higher Education, use the Centre to attend Coaching classes for competitive exam preparation. The Centre also conducts foreign language training in German and Japanese."
paragraph,p,"Ignite serves as a dedicated facility to drive innovation and entrepreneurial spirit into the mind of every Eshwarite. Ignite is a facility dedicated for students who wish to convert their ideas to prototypes and proof of concepts. A well equipped conference room, leader cabins, collaborative workspaces, discussion spaces form a part of the Ignite experience. Ignite, staying true to its name, ignites the spark of innovation in the minds of Eshwarites."
paragraph,p,"Centre for Research has been established at Sri Eshwar with the intent to promote active research work by the faculty and student community for their academic research to publish papers, file patents and work on research projects.The Centre promotes focussed research through its 9 Advanced Research Centres. This Centre prides itself in housing some of the top research scientists of the world."
paragraph,p,"While labs are an integral part of the learning process, Sri Eshwar goes the extra mile to provide students an innovative lab experience, so that they feel fully equipped and energized to go beyond the books and curriculum and use the labs to experiment their fresh ideas and test their hypothesis."
paragraph,p,"Vista Hall, will be actively utilized for Industry Connect programmes, Leadership talk, Expert guest lectures, seminars and a wide variety of events. Vista Hall is equipped with state-of-the-art audio-visual infrastructure to support highly engaging presentations."
paragraph,p,"A fully equipped recording studio with studio lights and professional sound recording facilities, helps faculty record course content  as an additional effective way of teaching,  Students too walk in to record their presentations, podcasts and other audio bytes for their needs. Sri Eshwar nightingales from the Harmonix club also enjoy recording their songs with professional sound mixers."
paragraph,p,"Amenity Centre is a 16000 sq feet of space specially designed and built to help students relax after a day’s rigorous learning activities. The Amenity Centre is equipped with a multi-cuisine food court, separate salon for boys and girls, a well-stocked supermarket, indoor sports area, fully functional gym, music room with all musical instruments and a visitor guest house with separate dining areas."
paragraph,p,"A fully functional Medical Centre is equipped to handle any emergency health-related services and comprehensive medical care for students. With a full time doctor and two nurses, latest medical equipment for basic treatment, separate wards for boys and girls, this facility can provide quick medical care for our students."
paragraph,p,"Sports is an integral part of the Sri Eshwar learning experience. We have dedicated facilities, coaches and equipments for a wide variety sports including, basketball, volleyball, athletics, cricket, hockey, kabbadi etc. With a team of enthusiastic coaches, our talented Eshwarites sports team, wins many awards and accolades in various sports tournaments. Winning is a habit of our Eshwar sports champions!"
paragraph,p,60 L
paragraph,p,Highest
paragraph,p,Package
paragraph,p,07
paragraph,p,Students
paragraph,p,Placed Above
paragraph,p,20
paragraph,p,Students
paragraph,p,Placed Above
paragraph,p,100
paragraph,p,Students
paragraph,p,Placed Above
paragraph,p,150+
paragraph,p,Students
paragraph,p,Placed Above
paragraph,p,350+
paragraph,p,Students
paragraph,p,Placed Above
paragraph,p,650+
paragraph,p,Students
paragraph,p,Placed Above
paragraph,p,800+
paragraph,p,StudentS
paragraph,p,Placed
paragraph,p,PLACEMENTS IN 120+ GLOBAL ORGANIZATIONS
paragraph,p,AcademicResearch
paragraph,p,sponsoredresearch
paragraph,p,AdvancedResearchCentre
paragraph,p,"New and ingenious ways of solving a problem, having a fresh alternate perspective, implementing ideas that have never been thought of before – such is the culture of our students and faculty at Sri Eshwar’s Centre for Innovation. We sow the seeds of entrepreneurial spirit within Eshwarites and give them the freedom to think and innovate.Creativity and Innovation is in the air!"
paragraph,p,centre forexcellence
paragraph,p,HACKATHONS
paragraph,p,"IGNITE - Startup
Accelerator"
paragraph,p,YOUR RUNWAY FOR GLOBALOPPORTUNITIES
paragraph,p,with top universities
paragraph,p,organized
paragraph,p,from leading overseas universities
paragraph,p,trained in foreign languages
paragraph,p,"Our students actively participate in a wide variety of competitions and challenges conducted at the state, national and international level. We feel proud when our students make a mark in global challenges and hackathons.The will to win, the desire to succeed, andthe urge to reach one’s full potential is in the DNA of Eshwarites!"
paragraph,p,Winners of NIDAR 2026
paragraph,p,Winners of Caterpillar Autonomy Challenge 2026
paragraph,p,"Muthuvel A, Prakashkumar M, Kamalesh RSelected among 2900+ teams across India"
paragraph,p,"N.Sudarsan, AI&DSWon cash prize of Rs. 3,00,000/-"
paragraph,p,"Final year ECE,EEE,AIML & AIDS StudentsWon Cash Prize of 1,20,000 and Internship Offer"
paragraph,p,2nd CCE StudentsWinner (2 Lakhs Cash Prize)
paragraph,p,2nd AIDS & CY.S StudentsWinner (1 Lakhs Cash Prize) + Internship Offer
paragraph,p,3rd AIML & CCE StudentsInternship Offer
paragraph,p,Design Thinking and Innovation Boot Camp
paragraph,p,Blood Donation Camp
paragraph,p,World Environment Day
paragraph,p,Hexaware AI Innovation League - Hail 2026
paragraph,p,Workshop on From code to Cloud : Docker & CI/CD Pipelines
paragraph,p,Workshop on Deep Learning for Next-Gen Electrical Engineers
paragraph,p,Workshop on Building NLP Pipeline from From Preprocessing to Discourse Understanding
paragraph,p,Expert Session on Driving Innovation Through Natural Language Processing and Twitter Data Mining
paragraph,p,Workshop on Deep Dive into STL and Lambda Techniques in C++
paragraph,p,National Science Day
paragraph,p,Thiran 2026
paragraph,p,Adya Launchlab Fellowship 2025
paragraph,p,Academic Audit 2025
paragraph,p,Internship in Analog and Digital IC Design
paragraph,p,Mern Intership
paragraph,p,Createathon 2025
paragraph,p,My Mentor My Inspiration
paragraph,p,Plastic Free Awareness Programme and Rally
paragraph,p,Animate 2025
paragraph,p,Diwali Carnival
paragraph,p,A Comprehensive Self-Defense Training Session
paragraph,p,Lifestyle Awareness Program
paragraph,p,Navaratri Celebrations
paragraph,p,Navaratri Dandiya
paragraph,p,Internal Smart India Hackathon
paragraph,p,Freshwarites - A Magical Evening
paragraph,p,Freshwarites
paragraph,p,KPIT Technologies Campus Visit
paragraph,p,In Celebration of Engineers Day : Simulathon 2025
paragraph,p,Life Skill Program
paragraph,p,Zone-10 Inter College Basket ball Tournament
paragraph,p,Energy and Automation Day
paragraph,p,Youth for Climate Action
paragraph,p,Recent Trends in VLSI Design
paragraph,p,Leadership Talk
paragraph,p,Engineers Day Celebration : Simulathon 2025
paragraph,p,Internal Prelims - Smart India Hackthon 2025
paragraph,p,Coding Carnival
paragraph,p,Building Scalable and Secure Architecture in AWS
paragraph,p,Building Smart  Solutions with Machine Learning
paragraph,p,Onam Celebration
paragraph,p,Ganesh Chathurthi Celebrations
paragraph,p,Application and Development : Bridging Theory & Practice
paragraph,p,Data Driven Insights  : From Statistics to Feature Engineering
paragraph,p,Smart Farming Solutions : A Workshop on Digital Tools For Sustainable Agriculture
paragraph,p,Independence Day
paragraph,p,Recent Trends in Semiconductor Industry & Job Opportunities
paragraph,p,Technical Talk on : Mathematical Logic in AI
paragraph,p,The Dynamic Programming Master Class - BreakingDown Complexity
paragraph,p,FDP Value of Education
paragraph,p,Professional Elective Phase-1 on DevOps
paragraph,p,World Nature Conservation Day
paragraph,p,"Breaking Problems, Building Solutions : The Power of Dynamic Programming"
paragraph,p,Crafting Innovators - A Roadmap Through Skill Mapping
paragraph,p,Seminar on : Electronics Engineers : Skills and Readiness for Emerging Roles in the Automatic Industry
paragraph,p,C Programming Contest :  Loop Fest 2025
paragraph,p,FDP on Circuit Analysis Semiconductor Devices & Electronic Circuits
paragraph,p,Bild & Beyond : Next-Gen Data Engineering
paragraph,p,Cyber Security
paragraph,p,ArchitectX Cloud
paragraph,p,Modern Full Stack Web Development
paragraph,p,Java Full Stack (Spring Boot + React)
paragraph,p,"Hal, Bare Metal Programming and Rtos"
paragraph,p,Mobile App Development Using Flutter & Dart
paragraph,p,DevOps and Site Reliability Engineering (SRE)
paragraph,p,International Yoga Day
paragraph,p,Visual Intelligence 2025 Power BI Contest
paragraph,p,Annual Training Camp
paragraph,p,Cybershields:Empowering  Educators with Next-Gen Security Skills
paragraph,p,Fathers Day
paragraph,p,React JS With Spring Boot Project Leap
paragraph,p,Robotics To Industry
paragraph,p,Advanced Embedded System Design and Industrial Automation
paragraph,p,Academic Council Meeting
paragraph,p,Operating System and Virtualization
paragraph,p,Freshathon 2025 Project Expo3.0
paragraph,p,IOC on Future Flow Smart Automation Essentials
paragraph,p,Python Django Meets Mongo DB
paragraph,p,OS Unlocked :Industry and Placement
paragraph,p,React JS With SpringBoot - Project Leap
paragraph,p,React JS With SpringBoot
paragraph,p,Deep Dive into STL and Lambda techniques in C++
paragraph,p,Project Review ROBO AI
paragraph,p,Unlocking Python Tool for Real World Programming
paragraph,p,Intra-College Programming Championship (SICPC)
paragraph,p,Value Added Course on Data Visualization Using Power BI
paragraph,p,Workshop on OOPS Using C++
paragraph,p,Workshop on Deep Dive Into STL and Lambda Techniques in C++
paragraph,p,Freshathon 2025 Project Expo 3.0
paragraph,p,Workshop on Operating System
paragraph,p,Workshop on Machine Learning for Impact : An Innovation Science-Based Learning Journey
paragraph,p,Workshops on Transforming Data into Insights: An Innovations Data Science Experience
paragraph,p,Awareness Program on Digital Marketing
paragraph,p,Idea Ignite - Project Contest
paragraph,p,Workshop on Embedded IOT for Breakthrough Innovation
paragraph,p,Nextgen C++ Innovation throgh STL Concurrency & Beyond
paragraph,p,Gameathon
paragraph,p,17th Annual Day Celebrations
paragraph,p,Codelee DS Warriors
paragraph,p,Ideathon 2025
paragraph,p,Sri Eshwar takes One Giant step towards good health
paragraph,p,Workshop on Bug Bounty & Pen Testing Uncovering Vulnerabilities like a Pro
paragraph,p,Career Advancement Program
paragraph,p,Workshop on BUSINESS MODEL CANVAS
paragraph,p,Event in Celebration of Mathematics and Awareness Month
paragraph,p,Women Entrepreneurship Development Progamme (WEDP)
paragraph,p,Awareness Program on Digital Marketing
paragraph,p,LIVELY AND HAPPY CAMPUS!
paragraph,p,CREATING MEMORIES FOR LIFETIME!
paragraph,p,"Well designed airy rooms,  clean and fully equipped kitchens, dining space with multi cuisine food options, facilities like laundry, salon & supermarket, lots of greenery, unique seating spaces for friends to get together and have casual conversations, extended lab facilities for students to work after college hours – forms a part of the Sri Eshwar hostel experience.Extended learning is a big part of hostel life. Our hostel at night, with beautiful lighting and the young energetic vibe of students, is a must-see for all! In a nutshell, Sri Eshwar hostel will provide the  ambience to relax, enjoy a variety of tasty food, and also to collaborate and grow in the company of peers."
paragraph,p,Here’s what our successful Alumni have to say about Sri Eshwar!
paragraph,p,"Niraja2022 Batch - Placed inAdobe, Noida"
paragraph,p,"Niraja2022 Batch - Placed inAdobe, Noida"
paragraph,p,"Sri Eshwar was one of the main reasons for me to understand how I wanted to further my career and my learnings. I chose to study further and sharpen my skills before plunging into my career.Velvinila KumarasamyMS ManagementTrent University, Canada"
paragraph,p,"I enjoyed my college life and made many friends there. College was great with so much learning and campus activities. Sri Eshwar has truly shaped my career by laying the foundation.Arjun GrishanMS Construction ManagementOxford Brookes University
UK"
paragraph,p,"Sri Eshwar was one of the main reasons for me to understand how I wanted to further my career and my learnings. I chose to study further and sharpen my skills before plunging into my career.Sruthi.VMS Micro & Nano SystemsTechnical University Chemnitz, Germany"
paragraph,p,"The knowledge I gained at Sri Eshwar really set the stage for my studies abroad. It helped me develop my holistic skills required. Thanks to all my teachers who helped me!Santhosh kumar.SMS Computer ScienceIllinois Institute Of Technology, Chicago, USA"
paragraph,p,"Thanks to the Sri Eshwar's innovative curriculum and industry connections, landing a position in a leading company felt like a natural progression. Their dedication has truly set the stage for my flourishing career.K.Mohammed RayonAkaike Technologies"
paragraph,p,"Sri Eshwar is an autonomous institution affiliated to Anna University. We offer programmes like B.E and B.Tech in Computer Science, Electronics and Communication, Electrical and Electronics, Mechanical,Information Technology, Computer Science and Business Systems, Computer and Communication, Artificial Intelligence and Data Science, Cyber Security, Artificial Intelligence and Machine Learning."
paragraph,p,"Yes, Sri Eshwar has an active Alumni cell that conducts activities throughout the year. Our alumni are dedicated in giving back to their alma mater and participate in various college activities as judges and mentors for their juniors."
paragraph,p,Yes. College offers seed fund for research projects. Many projects are currently active through college seed fund. Apart from this the Centre for Research and Development also procures funds from government organizations to take up sponsored research projects.
paragraph,p,Yes. Sri Eshwar offers stupendous placement record every year in top companies. Our top packages are around 40 Lakhs per annum. Many students get placed at the beginning of third year itself and go for internships at companies.
paragraph,p,"Hostel is like a home away from home. We offer a fully safe, secure and a comfortable hostel experience. With beautiful ambience, airy rooms, attached bathrooms, comfortable beds, individual study space, gym, beauty parlour, super market and a state-of-the-art amenity centre, hostel is a must-experience part ofSri Eshwar."
paragraph,p,"SriEshwarcampus is full of positivity. It is a vibrant and happening place for students. Apart from studies students engage in many activities out of their interest, organize events and participate in many competitions in co-curricular and extra curricular. Campus ambience is also beautiful with grass and trees everywhere, along with corporate style offices and spaces for students to work on their projects."
paragraph,p,COME JOIN US TOEXPERIENCE LEARNINGAT ITS BEST!
paragraph,p,+91-4259 200 300
paragraph,p,COIMBATORE
paragraph,p,sece@sece.ac.in
paragraph,p,© 2024 Sri Eshwar Engineering College. All Rights Reserved.
